,Position
0,Sturm
1,Sturm
2,Sturm
3,Sturm
4,Torwart
5,Sturm
6,Torwart
7,Sturm
8,Mittelfeld
9,Sturm
10,Verteidigung
11,Mittelfeld
12,Torwart
13,Sturm
14,Mittelfeld
15,Sturm
16,Sturm
17,Verteidigung
18,Torwart
19,Sturm
20,Torwart
21,Sturm
22,Mittelfeld
23,Sturm
24,Verteidigung
25,Verteidigung
26,Verteidigung
27,Verteidigung
28,Mittelfeld
29,Torwart
30,Verteidigung
31,Sturm
32,Sturm
33,Mittelfeld
34,Mittelfeld
35,Mittelfeld
36,Mittelfeld
37,Mittelfeld
38,Sturm
39,Verteidigung
40,Mittelfeld
41,Mittelfeld
42,Mittelfeld
43,Torwart
44,Verteidigung
45,Mittelfeld
46,Sturm
47,Sturm
48,Mittelfeld
49,Verteidigung
50,Sturm
51,Verteidigung
52,Sturm
53,Mittelfeld
54,Mittelfeld
55,Sturm
56,Verteidigung
57,Verteidigung
58,Sturm
59,Mittelfeld
60,Verteidigung
61,Sturm
62,Verteidigung
63,Verteidigung
64,Sturm
65,Mittelfeld
66,Mittelfeld
67,Verteidigung
68,Torwart
69,Sturm
70,Verteidigung
71,Sturm
72,Mittelfeld
73,Sturm
74,Mittelfeld
75,Sturm
76,Torwart
77,Sturm
78,Torwart
79,Torwart
80,Torwart
81,Verteidigung
82,Verteidigung
83,Mittelfeld
84,Verteidigung
85,Sturm
86,Mittelfeld
87,Mittelfeld
88,Verteidigung
89,Mittelfeld
90,Torwart
91,Verteidigung
92,Verteidigung
93,Verteidigung
94,Verteidigung
95,Sturm
96,Sturm
97,Verteidigung
98,Sturm
99,Sturm
100,Verteidigung
101,Sturm
102,Sturm
103,Verteidigung
104,Torwart
105,Verteidigung
106,Verteidigung
107,Mittelfeld
108,Mittelfeld
109,Mittelfeld
110,Sturm
111,Torwart
112,Mittelfeld
113,Sturm
114,Sturm
115,Sturm
116,Mittelfeld
117,Torwart
118,Torwart
119,Mittelfeld
120,Verteidigung
121,Sturm
122,Verteidigung
123,Verteidigung
124,Verteidigung
125,Sturm
126,Sturm
127,Sturm
128,Sturm
129,Mittelfeld
130,Verteidigung
131,Torwart
132,Sturm
133,Mittelfeld
134,Verteidigung
135,Torwart
136,Mittelfeld
137,Mittelfeld
138,Sturm
139,Sturm
140,Sturm
141,Verteidigung
142,Mittelfeld
143,Verteidigung
144,Sturm
145,Verteidigung
146,Sturm
147,Mittelfeld
148,Mittelfeld
149,Torwart
150,Verteidigung
151,Torwart
152,Verteidigung
153,Mittelfeld
154,Sturm
155,Sturm
156,Verteidigung
157,Mittelfeld
158,Mittelfeld
159,Mittelfeld
160,Mittelfeld
161,Sturm
162,Verteidigung
163,Mittelfeld
164,Verteidigung
165,Verteidigung
166,Sturm
167,Sturm
168,Sturm
169,Mittelfeld
170,Verteidigung
171,Mittelfeld
172,Torwart
173,Torwart
174,Mittelfeld
175,Mittelfeld
176,Sturm
177,Verteidigung
178,Verteidigung
179,Verteidigung
180,Torwart
181,Mittelfeld
182,Mittelfeld
183,Verteidigung
184,Mittelfeld
185,Torwart
186,Mittelfeld
187,Mittelfeld
188,Mittelfeld
189,Sturm
190,Mittelfeld
191,Torwart
192,Sturm
193,Sturm
194,Torwart
195,Torwart
196,Sturm
197,Mittelfeld
198,Mittelfeld
199,Sturm
200,Mittelfeld
201,Sturm
202,Verteidigung
203,Sturm
204,Sturm
205,Mittelfeld
206,Sturm
207,Sturm
208,Mittelfeld
209,Verteidigung
210,Sturm
211,Mittelfeld
212,Mittelfeld
213,Torwart
214,Mittelfeld
215,Verteidigung
216,Sturm
217,Verteidigung
218,Verteidigung
219,Mittelfeld
220,Sturm
221,Mittelfeld
222,Sturm
223,Sturm
224,Sturm
225,Sturm
226,Verteidigung
227,Verteidigung
228,Sturm
229,Sturm
230,Verteidigung
231,Mittelfeld
232,Mittelfeld
233,Mittelfeld
234,Sturm
235,Sturm
236,Torwart
237,Mittelfeld
238,Verteidigung
239,Mittelfeld
240,Sturm
241,Sturm
242,Verteidigung
243,Mittelfeld
244,Verteidigung
245,Sturm
246,Sturm
247,Mittelfeld
248,Torwart
249,Sturm
250,Sturm
251,Sturm
252,Mittelfeld
253,Mittelfeld
254,Torwart
255,Mittelfeld
256,Torwart
257,Sturm
258,Verteidigung
259,Sturm
260,Sturm
261,Mittelfeld
262,Mittelfeld
263,Sturm
264,Torwart
265,Torwart
266,Verteidigung
267,Sturm
268,Verteidigung
269,Sturm
270,Torwart
271,Mittelfeld
272,Sturm
273,Verteidigung
274,Verteidigung
275,Torwart
276,Mittelfeld
277,Torwart
278,Verteidigung
279,Torwart
280,Sturm
281,Verteidigung
282,Mittelfeld
283,Mittelfeld
284,Mittelfeld
285,Verteidigung
286,Torwart
287,Sturm
288,Sturm
289,Verteidigung
290,Sturm
291,Sturm
292,Mittelfeld
293,Verteidigung
294,Sturm
295,Sturm
296,Mittelfeld
297,Sturm
298,Mittelfeld
299,Verteidigung
300,Verteidigung
301,Sturm
302,Sturm
303,Mittelfeld
304,Sturm
305,Sturm
306,Verteidigung
307,Mittelfeld
308,Verteidigung
309,Torwart
310,Sturm
311,Verteidigung
312,Sturm
313,Mittelfeld
314,Verteidigung
315,Torwart
316,Mittelfeld
317,Sturm
318,Sturm
319,Mittelfeld
320,Sturm
321,Sturm
322,Verteidigung
323,Verteidigung
324,Verteidigung
325,Verteidigung
326,Mittelfeld
327,Verteidigung
328,Sturm
329,Verteidigung
330,Sturm
331,Verteidigung
332,Verteidigung
333,Mittelfeld
334,Torwart
335,Mittelfeld
336,Verteidigung
337,Verteidigung
338,Mittelfeld
339,Mittelfeld
340,Mittelfeld
341,Torwart
342,Sturm
343,Mittelfeld
344,Mittelfeld
345,Sturm
346,Mittelfeld
347,Sturm
348,Mittelfeld
349,Sturm
350,Verteidigung
351,Verteidigung
352,Sturm
353,Verteidigung
354,Verteidigung
355,Torwart
356,Sturm
357,Torwart
358,Verteidigung
359,Sturm
360,Mittelfeld
361,Mittelfeld
362,Verteidigung
363,Torwart
364,Torwart
365,Sturm
366,Verteidigung
367,Mittelfeld
368,Torwart
369,Torwart
370,Sturm
371,Verteidigung
372,Mittelfeld
373,Sturm
374,Sturm
375,Mittelfeld
376,Mittelfeld
377,Verteidigung
378,Sturm
379,Mittelfeld
380,Torwart
381,Verteidigung
382,Sturm
383,Mittelfeld
384,Verteidigung
385,Mittelfeld
386,Sturm
387,Sturm
388,Mittelfeld
389,Verteidigung
390,Verteidigung
391,Mittelfeld
392,Sturm
393,Verteidigung
394,Torwart
395,Sturm
396,Sturm
397,Verteidigung
398,Sturm
399,Sturm
400,Verteidigung
401,Verteidigung
402,Torwart
403,Sturm
404,Sturm
405,Verteidigung
406,Verteidigung
407,Mittelfeld
408,Sturm
409,Mittelfeld
410,Mittelfeld
411,Mittelfeld
412,Sturm
413,Sturm
414,Sturm
415,Verteidigung
416,Mittelfeld
417,Verteidigung
418,Sturm
419,Torwart
420,Verteidigung
421,Sturm
422,Mittelfeld
423,Sturm
424,Mittelfeld
425,Torwart
426,Mittelfeld
427,Verteidigung
428,Sturm
429,Verteidigung
430,Sturm
431,Mittelfeld
432,Sturm
433,Sturm
434,Sturm
435,Mittelfeld
436,Sturm
437,Verteidigung
438,Verteidigung
439,Mittelfeld
440,Mittelfeld
441,Sturm
442,Verteidigung
443,Mittelfeld
444,Verteidigung
445,Verteidigung
446,Sturm
447,Sturm
448,Verteidigung
449,Sturm
450,Sturm
451,Torwart
452,Verteidigung
453,Verteidigung
454,Mittelfeld
455,Mittelfeld
456,Mittelfeld
457,Sturm
458,Verteidigung
459,Verteidigung
460,Torwart
461,Sturm
462,Mittelfeld
463,Mittelfeld
464,Verteidigung
465,Verteidigung
466,Verteidigung
467,Verteidigung
468,Verteidigung
469,Sturm
470,Torwart
471,Torwart
472,Sturm
473,Sturm
474,Mittelfeld
475,Torwart
476,Torwart
477,Torwart
478,Mittelfeld
479,Mittelfeld
480,Verteidigung
481,Verteidigung
482,Torwart
483,Verteidigung
484,Sturm
485,Torwart
486,Mittelfeld
487,Sturm
488,Sturm
489,Sturm
490,Sturm
491,Verteidigung
492,Torwart
493,Verteidigung
494,Mittelfeld
495,Verteidigung
496,Verteidigung
497,Sturm
498,Mittelfeld
499,Verteidigung
500,Sturm
501,Mittelfeld
502,Verteidigung
503,Sturm
504,Mittelfeld
505,Verteidigung
506,Mittelfeld
507,Verteidigung
508,Mittelfeld
509,Sturm
510,Sturm
511,Sturm
512,Mittelfeld
513,Sturm
514,Verteidigung
515,Verteidigung
516,Sturm
517,Mittelfeld
518,Sturm
519,Verteidigung
520,Verteidigung
521,Mittelfeld
522,Verteidigung
523,Mittelfeld
524,Verteidigung
525,Sturm
526,Verteidigung
527,Verteidigung
528,Sturm
529,Sturm
530,Verteidigung
531,Verteidigung
532,Mittelfeld
533,Verteidigung
534,Verteidigung
535,Mittelfeld
536,Verteidigung
537,Sturm
538,Verteidigung
539,Sturm
540,Mittelfeld
541,Sturm
542,Sturm
543,Mittelfeld
544,Sturm
545,Verteidigung
546,Sturm
547,Sturm
548,Verteidigung
549,Verteidigung
550,Torwart
551,Sturm
552,Sturm
553,Verteidigung
554,Verteidigung
555,Sturm
556,Verteidigung
557,Verteidigung
558,Sturm
559,Mittelfeld
560,Torwart
561,Verteidigung
562,Sturm
563,Sturm
564,Verteidigung
565,Mittelfeld
566,Sturm
567,Torwart
568,Sturm
569,Verteidigung
570,Sturm
571,Torwart
572,Mittelfeld
573,Verteidigung
574,Verteidigung
575,Sturm
576,Verteidigung
577,Sturm
578,Sturm
579,Mittelfeld
580,Verteidigung
581,Torwart
582,Sturm
583,Mittelfeld
584,Verteidigung
585,Verteidigung
586,Torwart
587,Verteidigung
588,Sturm
589,Mittelfeld
590,Verteidigung
591,Sturm
592,Torwart
593,Verteidigung
594,Mittelfeld
595,Mittelfeld
596,Verteidigung
597,Mittelfeld
598,Verteidigung
599,Mittelfeld
600,Verteidigung
601,Mittelfeld
602,Verteidigung
603,Verteidigung
604,Torwart
605,Sturm
606,Mittelfeld
607,Verteidigung
608,Verteidigung
609,Verteidigung
610,Verteidigung
611,Mittelfeld
612,Mittelfeld
613,Sturm
614,Mittelfeld
615,Verteidigung
616,Mittelfeld
617,Sturm
618,Verteidigung
619,Torwart
620,Sturm
621,Torwart
622,Mittelfeld
623,Torwart
624,Torwart
625,Verteidigung
626,Torwart
627,Mittelfeld
628,Mittelfeld
629,Mittelfeld
630,Sturm
631,Verteidigung
632,Sturm
633,Mittelfeld
634,Mittelfeld
635,Mittelfeld
636,Mittelfeld
637,Sturm
638,Verteidigung
639,Sturm
640,Verteidigung
641,Mittelfeld
642,Verteidigung
643,Torwart
644,Mittelfeld
645,Sturm
646,Mittelfeld
647,Sturm
648,Sturm
649,Verteidigung
650,Sturm
651,Sturm
652,Sturm
653,Verteidigung
654,Torwart
655,Sturm
656,Sturm
657,Verteidigung
658,Mittelfeld
659,Mittelfeld
660,Sturm
661,Verteidigung
662,Sturm
663,Sturm
664,Sturm
665,Mittelfeld
666,Mittelfeld
667,Verteidigung
668,Sturm
669,Verteidigung
670,Verteidigung
671,Mittelfeld
672,Sturm
673,Mittelfeld
674,Verteidigung
675,Mittelfeld
676,Mittelfeld
677,Verteidigung
678,Sturm
679,Mittelfeld
680,Sturm
681,Verteidigung
682,Verteidigung
683,Mittelfeld
684,Mittelfeld
685,Sturm
686,Sturm
687,Verteidigung
688,Sturm
689,Sturm
690,Torwart
691,Sturm
692,Verteidigung
693,Mittelfeld
694,Verteidigung
695,Mittelfeld
696,Mittelfeld
697,Sturm
698,Mittelfeld
699,Verteidigung
700,Mittelfeld
701,Torwart
702,Mittelfeld
703,Verteidigung
704,Torwart
705,Torwart
706,Sturm
707,Sturm
708,Mittelfeld
709,Mittelfeld
710,Verteidigung
711,Sturm
712,Mittelfeld
713,Sturm
714,Verteidigung
715,Sturm
716,Sturm
717,Mittelfeld
718,Sturm
719,Sturm
720,Sturm
721,Sturm
722,Verteidigung
723,Sturm
724,Mittelfeld
725,Sturm
726,Torwart
727,Sturm
728,Sturm
729,Verteidigung
730,Verteidigung
731,Verteidigung
732,Sturm
733,Mittelfeld
734,Verteidigung
735,Verteidigung
736,Verteidigung
737,Verteidigung
738,Mittelfeld
739,Mittelfeld
740,Mittelfeld
741,Sturm
742,Torwart
743,Sturm
744,Verteidigung
745,Verteidigung
746,Mittelfeld
747,Verteidigung
748,Mittelfeld
749,Sturm
750,Verteidigung
751,Verteidigung
752,Verteidigung
753,Sturm
754,Verteidigung
755,Mittelfeld
756,Sturm
757,Sturm
758,Sturm
759,Verteidigung
760,Sturm
761,Verteidigung
762,Mittelfeld
763,Mittelfeld
764,Verteidigung
765,Mittelfeld
766,Mittelfeld
767,Verteidigung
768,Mittelfeld
769,Verteidigung
770,Sturm
771,Mittelfeld
772,Mittelfeld
773,Mittelfeld
774,Sturm
775,Verteidigung
776,Verteidigung
777,Sturm
778,Sturm
779,Verteidigung
780,Sturm
781,Sturm
782,Torwart
783,Verteidigung
784,Verteidigung
785,Mittelfeld
786,Sturm
787,Sturm
788,Sturm
789,Verteidigung
790,Verteidigung
791,Sturm
792,Mittelfeld
793,Verteidigung
794,Verteidigung
795,Verteidigung
796,Verteidigung
797,Mittelfeld
798,Sturm
799,Verteidigung
800,Sturm
801,Verteidigung
802,Torwart
803,Sturm
804,Verteidigung
805,Verteidigung
806,Verteidigung
807,Mittelfeld
808,Torwart
809,Verteidigung
810,Mittelfeld
811,Verteidigung
812,Verteidigung
813,Mittelfeld
814,Verteidigung
815,Verteidigung
816,Mittelfeld
817,Sturm
818,Verteidigung
819,Mittelfeld
820,Verteidigung
821,Verteidigung
822,Mittelfeld
823,Verteidigung
824,Verteidigung
825,Sturm
826,Mittelfeld
827,Mittelfeld
828,Sturm
829,Mittelfeld
830,Sturm
831,Sturm
832,Verteidigung
833,Verteidigung
834,Verteidigung
835,Sturm
836,Sturm
837,Torwart
838,Mittelfeld
839,Sturm
840,Mittelfeld
841,Torwart
842,Verteidigung
843,Torwart
844,Mittelfeld
845,Sturm
846,Verteidigung
847,Sturm
848,Verteidigung
849,Sturm
850,Sturm
851,Verteidigung
852,Sturm
853,Sturm
854,Mittelfeld
855,Mittelfeld
856,Sturm
857,Verteidigung
858,Torwart
859,Verteidigung
860,Torwart
861,Mittelfeld
862,Verteidigung
863,Mittelfeld
864,Sturm
865,Torwart
866,Mittelfeld
867,Verteidigung
868,Mittelfeld
869,Torwart
870,Mittelfeld
871,Sturm
872,Sturm
873,Verteidigung
874,Sturm
875,Mittelfeld
876,Verteidigung
877,Sturm
878,Mittelfeld
879,Torwart
880,Verteidigung
881,Sturm
882,Sturm
883,Verteidigung
884,Verteidigung
885,Sturm
886,Sturm
887,Verteidigung
888,Mittelfeld
889,Sturm
890,Sturm
891,Mittelfeld
892,Verteidigung
893,Mittelfeld
894,Torwart
895,Verteidigung
896,Verteidigung
897,Verteidigung
898,Verteidigung
899,Mittelfeld
900,Verteidigung
901,Mittelfeld
902,Mittelfeld
903,Sturm
904,Verteidigung
905,Verteidigung
906,Torwart
907,Sturm
908,Mittelfeld
909,Verteidigung
910,Sturm
911,Mittelfeld
912,Mittelfeld
913,Mittelfeld
914,Mittelfeld
915,Verteidigung
916,Sturm
917,Verteidigung
918,Verteidigung
919,Sturm
920,Sturm
921,Verteidigung
922,Sturm
923,Mittelfeld
924,Mittelfeld
925,Verteidigung
926,Sturm
927,Sturm
928,Verteidigung
929,Sturm
930,Torwart
931,Sturm
932,Verteidigung
933,Verteidigung
934,Verteidigung
935,Verteidigung
936,Verteidigung
937,Verteidigung
938,Sturm
939,Verteidigung
940,Mittelfeld
941,Verteidigung
942,Verteidigung
943,Sturm
944,Verteidigung
945,Sturm
946,Verteidigung
947,Mittelfeld
948,Sturm
949,Sturm
950,Mittelfeld
951,Verteidigung
952,Verteidigung
953,Mittelfeld
954,Verteidigung
955,Sturm
956,Mittelfeld
957,Verteidigung
958,Mittelfeld
959,Mittelfeld
960,Mittelfeld
961,Mittelfeld
962,Verteidigung
963,Verteidigung
964,Verteidigung
965,Mittelfeld
966,Torwart
967,Verteidigung
968,Mittelfeld
969,Verteidigung
970,Mittelfeld
971,Verteidigung
972,Sturm
973,Verteidigung
974,Sturm
975,Mittelfeld
976,Sturm
977,Verteidigung
978,Verteidigung
979,Verteidigung
980,Mittelfeld
981,Verteidigung
982,Sturm
983,Sturm
984,Sturm
985,Mittelfeld
986,Verteidigung
987,Mittelfeld
988,Sturm
989,Sturm
990,Sturm
991,Sturm
992,Verteidigung
993,Verteidigung
994,Sturm
995,Verteidigung
996,Mittelfeld
997,Sturm
998,Mittelfeld
999,Verteidigung
1000,Sturm
1001,Mittelfeld
1002,Verteidigung
1003,Mittelfeld
1004,Verteidigung
1005,Sturm
1006,Mittelfeld
1007,Mittelfeld
1008,Sturm
1009,Sturm
1010,Verteidigung
1011,Sturm
1012,Torwart
1013,Sturm
1014,Mittelfeld
1015,Verteidigung
1016,Verteidigung
1017,Sturm
1018,Mittelfeld
1019,Sturm
1020,Mittelfeld
1021,Verteidigung
1022,Verteidigung
1023,Verteidigung
1024,Mittelfeld
1025,Mittelfeld
1026,Mittelfeld
1027,Verteidigung
1028,Verteidigung
1029,Verteidigung
1030,Sturm
1031,Sturm
1032,Verteidigung
1033,Verteidigung
1034,Verteidigung
1035,Verteidigung
1036,Verteidigung
1037,Sturm
1038,Sturm
1039,Mittelfeld
1040,Sturm
1041,Verteidigung
1042,Sturm
1043,Sturm
1044,Mittelfeld
1045,Verteidigung
1046,Verteidigung
1047,Verteidigung
1048,Verteidigung
1049,Mittelfeld
1050,Mittelfeld
1051,Mittelfeld
1052,Sturm
1053,Verteidigung
1054,Mittelfeld
1055,Verteidigung
1056,Verteidigung
1057,Sturm
1058,Mittelfeld
1059,Verteidigung
1060,Sturm
1061,Sturm
1062,Sturm
1063,Verteidigung
1064,Mittelfeld
1065,Sturm
1066,Verteidigung
1067,Verteidigung
1068,Sturm
1069,Sturm
1070,Sturm
1071,Torwart
1072,Torwart
1073,Sturm
1074,Verteidigung
1075,Sturm
1076,Sturm
1077,Sturm
1078,Mittelfeld
1079,Sturm
1080,Verteidigung
1081,Sturm
1082,Sturm
1083,Sturm
1084,Sturm
1085,Torwart
1086,Sturm
1087,Verteidigung
1088,Verteidigung
1089,Verteidigung
1090,Sturm
1091,Torwart
1092,Sturm
1093,Torwart
1094,Torwart
1095,Mittelfeld
1096,Sturm
1097,Mittelfeld
1098,Verteidigung
1099,Mittelfeld
1100,Sturm
1101,Verteidigung
1102,Verteidigung
1103,Sturm
1104,Sturm
1105,Mittelfeld
1106,Mittelfeld
1107,Sturm
1108,Sturm
1109,Sturm
1110,Sturm
1111,Sturm
1112,Sturm
1113,Verteidigung
1114,Verteidigung
1115,Mittelfeld
1116,Sturm
1117,Torwart
1118,Sturm
1119,Mittelfeld
1120,Mittelfeld
1121,Verteidigung
1122,Verteidigung
1123,Mittelfeld
1124,Verteidigung
1125,Verteidigung
1126,Sturm
1127,Sturm
1128,Verteidigung
1129,Verteidigung
1130,Mittelfeld
1131,Torwart
1132,Verteidigung
1133,Sturm
1134,Verteidigung
1135,Mittelfeld
1136,Verteidigung
1137,Sturm
1138,Verteidigung
1139,Torwart
1140,Mittelfeld
1141,Sturm
1142,Mittelfeld
1143,Verteidigung
1144,Mittelfeld
1145,Verteidigung
1146,Sturm
1147,Sturm
1148,Verteidigung
1149,Mittelfeld
1150,Sturm
1151,Verteidigung
1152,Sturm
1153,Sturm
1154,Verteidigung
1155,Sturm
1156,Verteidigung
1157,Verteidigung
1158,Mittelfeld
1159,Sturm
1160,Verteidigung
1161,Verteidigung
1162,Mittelfeld
1163,Verteidigung
1164,Verteidigung
1165,Verteidigung
1166,Torwart
1167,Mittelfeld
1168,Mittelfeld
1169,Sturm
1170,Sturm
1171,Torwart
1172,Torwart
1173,Sturm
1174,Sturm
1175,Verteidigung
1176,Mittelfeld
1177,Verteidigung
1178,Verteidigung
1179,Mittelfeld
1180,Mittelfeld
1181,Mittelfeld
1182,Verteidigung
1183,Verteidigung
1184,Torwart
1185,Mittelfeld
1186,Verteidigung
1187,Sturm
1188,Mittelfeld
1189,Torwart
1190,Sturm
1191,Mittelfeld
1192,Sturm
1193,Mittelfeld
1194,Mittelfeld
1195,Verteidigung
1196,Verteidigung
1197,Sturm
1198,Verteidigung
1199,Verteidigung
1200,Verteidigung
1201,Mittelfeld
1202,Verteidigung
1203,Verteidigung
1204,Mittelfeld
1205,Verteidigung
1206,Sturm
1207,Verteidigung
1208,Mittelfeld
1209,Verteidigung
1210,Torwart
1211,Torwart
1212,Sturm
1213,Sturm
1214,Verteidigung
1215,Mittelfeld
1216,Sturm
1217,Sturm
1218,Torwart
1219,Sturm
1220,Torwart
1221,Mittelfeld
1222,Verteidigung
1223,Verteidigung
1224,Verteidigung
1225,Sturm
1226,Verteidigung
1227,Mittelfeld
1228,Verteidigung
1229,Sturm
1230,Sturm
1231,Sturm
1232,Mittelfeld
1233,Mittelfeld
1234,Mittelfeld
1235,Verteidigung
1236,Torwart
1237,Verteidigung
1238,Mittelfeld
1239,Torwart
1240,Sturm
1241,Sturm
1242,Sturm
1243,Mittelfeld
1244,Torwart
1245,Sturm
1246,Mittelfeld
1247,Verteidigung
1248,Mittelfeld
1249,Sturm
1250,Mittelfeld
1251,Mittelfeld
1252,Sturm
1253,Mittelfeld
1254,Mittelfeld
1255,Sturm
1256,Verteidigung
1257,Torwart
1258,Verteidigung
1259,Verteidigung
1260,Verteidigung
1261,Verteidigung
1262,Verteidigung
1263,Verteidigung
1264,Verteidigung
1265,Sturm
1266,Torwart
1267,Verteidigung
1268,Sturm
1269,Verteidigung
1270,Verteidigung
1271,Verteidigung
1272,Mittelfeld
1273,Verteidigung
1274,Mittelfeld
1275,Verteidigung
1276,Verteidigung
1277,Verteidigung
1278,Verteidigung
1279,Verteidigung
1280,Verteidigung
1281,Sturm
1282,Mittelfeld
1283,Mittelfeld
1284,Sturm
1285,Sturm
1286,Mittelfeld
1287,Verteidigung
1288,Verteidigung
1289,Verteidigung
1290,Mittelfeld
1291,Mittelfeld
1292,Mittelfeld
1293,Sturm
1294,Verteidigung
1295,Mittelfeld
1296,Sturm
1297,Mittelfeld
1298,Mittelfeld
1299,Sturm
1300,Verteidigung
1301,Verteidigung
1302,Sturm
1303,Sturm
1304,Sturm
1305,Verteidigung
1306,Verteidigung
1307,Torwart
1308,Verteidigung
1309,Sturm
1310,Sturm
1311,Mittelfeld
1312,Verteidigung
1313,Sturm
1314,Sturm
1315,Sturm
1316,Verteidigung
1317,Mittelfeld
1318,Torwart
1319,Sturm
1320,Sturm
1321,Verteidigung
1322,Sturm
1323,Verteidigung
1324,Verteidigung
1325,Sturm
1326,Torwart
1327,Sturm
1328,Sturm
1329,Verteidigung
1330,Mittelfeld
1331,Verteidigung
1332,Sturm
1333,Mittelfeld
1334,Mittelfeld
1335,Mittelfeld
1336,Verteidigung
1337,Verteidigung
1338,Sturm
1339,Verteidigung
1340,Torwart
1341,Verteidigung
1342,Torwart
1343,Verteidigung
1344,Mittelfeld
1345,Mittelfeld
1346,Torwart
1347,Verteidigung
1348,Mittelfeld
1349,Sturm
1350,Verteidigung
1351,Verteidigung
1352,Torwart
1353,Sturm
1354,Verteidigung
1355,Verteidigung
1356,Verteidigung
1357,Sturm
1358,Sturm
1359,Torwart
1360,Sturm
1361,Mittelfeld
1362,Verteidigung
1363,Mittelfeld
1364,Sturm
1365,Mittelfeld
1366,Sturm
1367,Verteidigung
1368,Verteidigung
1369,Mittelfeld
1370,Verteidigung
1371,Sturm
1372,Verteidigung
1373,Sturm
1374,Torwart
1375,Sturm
1376,Mittelfeld
1377,Sturm
1378,Verteidigung
1379,Verteidigung
1380,Mittelfeld
1381,Mittelfeld
1382,Sturm
1383,Mittelfeld
1384,Verteidigung
1385,Torwart
1386,Mittelfeld
1387,Mittelfeld
1388,Mittelfeld
1389,Verteidigung
1390,Sturm
1391,Sturm
1392,Mittelfeld
1393,Sturm
1394,Torwart
1395,Sturm
1396,Sturm
1397,Verteidigung
1398,Verteidigung
1399,Sturm
1400,Mittelfeld
1401,Mittelfeld
1402,Verteidigung
1403,Sturm
1404,Verteidigung
1405,Mittelfeld
1406,Verteidigung
1407,Mittelfeld
1408,Torwart
1409,Mittelfeld
1410,Sturm
1411,Verteidigung
1412,Mittelfeld
1413,Verteidigung
1414,Mittelfeld
1415,Verteidigung
1416,Torwart
1417,Sturm
1418,Verteidigung
1419,Verteidigung
1420,Verteidigung
1421,Mittelfeld
1422,Sturm
1423,Sturm
1424,Verteidigung
1425,Verteidigung
1426,Sturm
1427,Verteidigung
1428,Sturm
1429,Verteidigung
1430,Mittelfeld
1431,Mittelfeld
1432,Mittelfeld
1433,Sturm
1434,Sturm
1435,Sturm
1436,Verteidigung
1437,Verteidigung
1438,Verteidigung
1439,Torwart
1440,Verteidigung
1441,Verteidigung
1442,Verteidigung
1443,Mittelfeld
1444,Mittelfeld
1445,Verteidigung
1446,Verteidigung
1447,Verteidigung
1448,Verteidigung
1449,Mittelfeld
1450,Verteidigung
1451,Sturm
1452,Verteidigung
1453,Verteidigung
1454,Torwart
1455,Sturm
1456,Verteidigung
1457,Sturm
1458,Sturm
1459,Mittelfeld
1460,Mittelfeld
1461,Mittelfeld
1462,Verteidigung
1463,Torwart
1464,Verteidigung
1465,Verteidigung
1466,Verteidigung
1467,Torwart
1468,Verteidigung
1469,Sturm
1470,Torwart
1471,Verteidigung
1472,Sturm
1473,Verteidigung
1474,Torwart
1475,Sturm
1476,Sturm
1477,Sturm
1478,Mittelfeld
1479,Verteidigung
1480,Mittelfeld
1481,Verteidigung
1482,Verteidigung
1483,Sturm
1484,Mittelfeld
1485,Verteidigung
1486,Sturm
1487,Sturm
1488,Sturm
1489,Sturm
1490,Verteidigung
1491,Sturm
1492,Mittelfeld
1493,Verteidigung
1494,Sturm
1495,Sturm
1496,Torwart
1497,Mittelfeld
1498,Verteidigung
1499,Mittelfeld
1500,Sturm
1501,Sturm
1502,Sturm
1503,Torwart
1504,Verteidigung
1505,Sturm
1506,Torwart
1507,Sturm
1508,Sturm
1509,Verteidigung
1510,Mittelfeld
1511,Sturm
1512,Mittelfeld
1513,Verteidigung
1514,Mittelfeld
1515,Mittelfeld
1516,Verteidigung
1517,Sturm
1518,Verteidigung
1519,Sturm
1520,Sturm
1521,Verteidigung
1522,Torwart
1523,Sturm
1524,Sturm
1525,Mittelfeld
1526,Sturm
1527,Verteidigung
1528,Sturm
1529,Sturm
1530,Torwart
1531,Sturm
1532,Verteidigung
1533,Verteidigung
1534,Mittelfeld
1535,Mittelfeld
1536,Verteidigung
1537,Sturm
1538,Sturm
1539,Sturm
1540,Sturm
1541,Sturm
1542,Mittelfeld
1543,Sturm
1544,Verteidigung
1545,Mittelfeld
1546,Verteidigung
1547,Verteidigung
1548,Torwart
1549,Sturm
1550,Verteidigung
1551,Torwart
1552,Mittelfeld
1553,Verteidigung
1554,Sturm
1555,Sturm
1556,Mittelfeld
1557,Sturm
1558,Mittelfeld
1559,Torwart
1560,Torwart
1561,Verteidigung
1562,Verteidigung
1563,Verteidigung
1564,Sturm
1565,Verteidigung
1566,Torwart
1567,Mittelfeld
1568,Mittelfeld
1569,Verteidigung
1570,Sturm
1571,Sturm
1572,Verteidigung
1573,Verteidigung
1574,Sturm
1575,Verteidigung
1576,Verteidigung
1577,Verteidigung
1578,Verteidigung
1579,Verteidigung
1580,Sturm
1581,Sturm
1582,Verteidigung
1583,Mittelfeld
1584,Sturm
1585,Sturm
1586,Verteidigung
1587,Mittelfeld
1588,Mittelfeld
1589,Mittelfeld
1590,Mittelfeld
1591,Sturm
1592,Sturm
1593,Verteidigung
1594,Mittelfeld
1595,Mittelfeld
1596,Mittelfeld
1597,Mittelfeld
1598,Verteidigung
1599,Mittelfeld
1600,Verteidigung
1601,Sturm
1602,Sturm
1603,Sturm
1604,Verteidigung
1605,Sturm
1606,Verteidigung
1607,Sturm
1608,Sturm
1609,Verteidigung
1610,Sturm
1611,Verteidigung
1612,Mittelfeld
1613,Mittelfeld
1614,Verteidigung
1615,Torwart
1616,Mittelfeld
1617,Sturm
1618,Sturm
1619,Verteidigung
1620,Sturm
1621,Mittelfeld
1622,Verteidigung
1623,Verteidigung
1624,Sturm
1625,Sturm
1626,Sturm
1627,Mittelfeld
1628,Sturm
1629,Sturm
1630,Verteidigung
1631,Verteidigung
1632,Sturm
1633,Sturm
1634,Torwart
1635,Verteidigung
1636,Verteidigung
1637,Mittelfeld
1638,Mittelfeld
1639,Mittelfeld
1640,Sturm
1641,Verteidigung
1642,Sturm
1643,Verteidigung
1644,Verteidigung
1645,Mittelfeld
1646,Mittelfeld
1647,Verteidigung
1648,Verteidigung
1649,Sturm
1650,Mittelfeld
1651,Verteidigung
1652,Torwart
1653,Verteidigung
1654,Sturm
1655,Verteidigung
1656,Sturm
1657,Verteidigung
1658,Mittelfeld
1659,Verteidigung
1660,Verteidigung
1661,Mittelfeld
1662,Mittelfeld
1663,Sturm
1664,Torwart
1665,Sturm
1666,Mittelfeld
1667,Mittelfeld
1668,Sturm
1669,Sturm
1670,Sturm
1671,Mittelfeld
1672,Mittelfeld
1673,Torwart
1674,Verteidigung
1675,Verteidigung
1676,Sturm
1677,Verteidigung
1678,Verteidigung
1679,Torwart
1680,Mittelfeld
1681,Mittelfeld
1682,Verteidigung
1683,Torwart
1684,Verteidigung
1685,Mittelfeld
1686,Sturm
1687,Sturm
1688,Verteidigung
1689,Sturm
1690,Sturm
1691,Sturm
1692,Mittelfeld
1693,Mittelfeld
1694,Mittelfeld
1695,Verteidigung
1696,Verteidigung
1697,Torwart
1698,Mittelfeld
1699,Torwart
1700,Sturm
1701,Verteidigung
1702,Verteidigung
1703,Verteidigung
1704,Verteidigung
1705,Sturm
1706,Torwart
1707,Mittelfeld
1708,Torwart
1709,Verteidigung
1710,Mittelfeld
1711,Mittelfeld
1712,Verteidigung
1713,Verteidigung
1714,Mittelfeld
1715,Sturm
1716,Verteidigung
1717,Mittelfeld
1718,Sturm
1719,Verteidigung
1720,Sturm
1721,Verteidigung
1722,Verteidigung
1723,Sturm
1724,Mittelfeld
1725,Mittelfeld
1726,Mittelfeld
1727,Torwart
1728,Mittelfeld
1729,Torwart
1730,Mittelfeld
1731,Sturm
1732,Verteidigung
1733,Verteidigung
1734,Verteidigung
1735,Torwart
1736,Verteidigung
1737,Mittelfeld
1738,Sturm
1739,Sturm
1740,Verteidigung
1741,Verteidigung
1742,Sturm
1743,Mittelfeld
1744,Mittelfeld
1745,Mittelfeld
1746,Sturm
1747,Verteidigung
1748,Verteidigung
1749,Verteidigung
1750,Verteidigung
1751,Verteidigung
1752,Mittelfeld
1753,Sturm
1754,Verteidigung
1755,Mittelfeld
1756,Mittelfeld
1757,Verteidigung
1758,Verteidigung
1759,Sturm
1760,Verteidigung
1761,Verteidigung
1762,Verteidigung
1763,Verteidigung
1764,Torwart
1765,Verteidigung
1766,Mittelfeld
1767,Verteidigung
1768,Verteidigung
1769,Torwart
1770,Mittelfeld
1771,Verteidigung
1772,Sturm
1773,Verteidigung
1774,Torwart
1775,Sturm
1776,Mittelfeld
1777,Sturm
1778,Verteidigung
1779,Sturm
1780,Verteidigung
1781,Verteidigung
1782,Mittelfeld
1783,Sturm
1784,Verteidigung
1785,Verteidigung
1786,Mittelfeld
1787,Verteidigung
1788,Verteidigung
1789,Torwart
1790,Mittelfeld
1791,Mittelfeld
1792,Mittelfeld
1793,Verteidigung
1794,Sturm
1795,Verteidigung
1796,Sturm
1797,Verteidigung
1798,Mittelfeld
1799,Verteidigung
1800,Verteidigung
1801,Mittelfeld
1802,Sturm
1803,Mittelfeld
1804,Sturm
1805,Torwart
1806,Verteidigung
1807,Verteidigung
1808,Sturm
1809,Verteidigung
1810,Verteidigung
1811,Mittelfeld
1812,Verteidigung
1813,Mittelfeld
1814,Sturm
1815,Sturm
1816,Mittelfeld
1817,Torwart
1818,Mittelfeld
1819,Verteidigung
1820,Mittelfeld
1821,Sturm
1822,Sturm
1823,Mittelfeld
1824,Mittelfeld
1825,Mittelfeld
1826,Mittelfeld
1827,Torwart
1828,Sturm
1829,Sturm
1830,Verteidigung
1831,Mittelfeld
1832,Sturm
1833,Mittelfeld
1834,Sturm
1835,Verteidigung
1836,Torwart
1837,Torwart
1838,Verteidigung
1839,Sturm
1840,Sturm
1841,Mittelfeld
1842,Mittelfeld
1843,Torwart
1844,Verteidigung
1845,Verteidigung
1846,Verteidigung
1847,Mittelfeld
1848,Sturm
1849,Verteidigung
1850,Sturm
1851,Sturm
1852,Verteidigung
1853,Torwart
1854,Mittelfeld
1855,Mittelfeld
1856,Verteidigung
1857,Verteidigung
1858,Verteidigung
1859,Mittelfeld
1860,Mittelfeld
1861,Verteidigung
1862,Mittelfeld
1863,Verteidigung
1864,Sturm
1865,Verteidigung
1866,Verteidigung
1867,Verteidigung
1868,Sturm
1869,Mittelfeld
1870,Sturm
1871,Mittelfeld
1872,Sturm
1873,Mittelfeld
1874,Verteidigung
1875,Sturm
1876,Sturm
1877,Sturm
1878,Mittelfeld
1879,Sturm
1880,Verteidigung
1881,Verteidigung
1882,Sturm
1883,Mittelfeld
1884,Verteidigung
1885,Sturm
1886,Verteidigung
1887,Mittelfeld
1888,Sturm
1889,Verteidigung
1890,Verteidigung
1891,Mittelfeld
1892,Verteidigung
1893,Mittelfeld
1894,Verteidigung
1895,Mittelfeld
1896,Sturm
1897,Verteidigung
1898,Mittelfeld
1899,Verteidigung
1900,Sturm
1901,Sturm
1902,Mittelfeld
1903,Mittelfeld
1904,Sturm
1905,Torwart
1906,Mittelfeld
1907,Sturm
1908,Mittelfeld
1909,Sturm
1910,Verteidigung
1911,Sturm
1912,Mittelfeld
1913,Verteidigung
1914,Mittelfeld
1915,Verteidigung
1916,Verteidigung
1917,Mittelfeld
1918,Torwart
1919,Sturm
1920,Mittelfeld
1921,Sturm
1922,Mittelfeld
1923,Torwart
1924,Mittelfeld
1925,Verteidigung
1926,Verteidigung
1927,Mittelfeld
1928,Sturm
1929,Sturm
1930,Verteidigung
1931,Mittelfeld
1932,Verteidigung
1933,Mittelfeld
1934,Sturm
1935,Sturm
1936,Sturm
1937,Sturm
1938,Verteidigung
1939,Sturm
1940,Sturm
1941,Verteidigung
1942,Mittelfeld
1943,Mittelfeld
1944,Verteidigung
1945,Verteidigung
1946,Verteidigung
1947,Verteidigung
1948,Verteidigung
1949,Mittelfeld
1950,Mittelfeld
1951,Verteidigung
1952,Sturm
1953,Torwart
1954,Sturm
1955,Sturm
1956,Mittelfeld
1957,Verteidigung
1958,Verteidigung
1959,Verteidigung
1960,Verteidigung
1961,Torwart
1962,Sturm
1963,Sturm
1964,Torwart
1965,Sturm
1966,Sturm
1967,Sturm
1968,Torwart
1969,Mittelfeld
1970,Verteidigung
1971,Verteidigung
1972,Mittelfeld
1973,Verteidigung
1974,Sturm
1975,Sturm
1976,Verteidigung
1977,Sturm
1978,Mittelfeld
1979,Sturm
1980,Torwart
1981,Mittelfeld
1982,Sturm
1983,Sturm
1984,Sturm
1985,Sturm
1986,Mittelfeld
1987,Mittelfeld
1988,Verteidigung
1989,Sturm
1990,Verteidigung
1991,Mittelfeld
1992,Verteidigung
1993,Torwart
1994,Verteidigung
1995,Sturm
1996,Torwart
1997,Sturm
1998,Verteidigung
1999,Sturm
2000,Verteidigung
2001,Sturm
2002,Verteidigung
2003,Sturm
2004,Sturm
2005,Mittelfeld
2006,Verteidigung
2007,Sturm
2008,Mittelfeld
2009,Sturm
2010,Torwart
2011,Verteidigung
2012,Sturm
2013,Verteidigung
2014,Verteidigung
2015,Verteidigung
2016,Sturm
2017,Verteidigung
2018,Sturm
2019,Verteidigung
2020,Sturm
2021,Torwart
2022,Sturm
2023,Verteidigung
2024,Torwart
2025,Sturm
2026,Mittelfeld
2027,Sturm
2028,Torwart
2029,Sturm
2030,Sturm
2031,Sturm
2032,Mittelfeld
2033,Verteidigung
2034,Sturm
2035,Verteidigung
2036,Torwart
2037,Sturm
2038,Verteidigung
2039,Verteidigung
2040,Sturm
2041,Verteidigung
2042,Verteidigung
2043,Sturm
2044,Sturm
2045,Torwart
2046,Sturm
2047,Verteidigung
2048,Verteidigung
2049,Verteidigung
2050,Mittelfeld
2051,Sturm
2052,Sturm
2053,Mittelfeld
2054,Sturm
2055,Verteidigung
2056,Mittelfeld
2057,Verteidigung
2058,Verteidigung
2059,Mittelfeld
2060,Verteidigung
2061,Sturm
2062,Verteidigung
2063,Mittelfeld
2064,Verteidigung
2065,Verteidigung
2066,Verteidigung
2067,Verteidigung
2068,Sturm
2069,Sturm
2070,Sturm
2071,Mittelfeld
2072,Torwart
2073,Verteidigung
2074,Mittelfeld
2075,Sturm
2076,Sturm
2077,Mittelfeld
2078,Verteidigung
2079,Mittelfeld
2080,Verteidigung
2081,Mittelfeld
2082,Torwart
2083,Sturm
2084,Mittelfeld
2085,Sturm
2086,Torwart
2087,Verteidigung
2088,Sturm
2089,Sturm
2090,Sturm
2091,Verteidigung
2092,Mittelfeld
2093,Verteidigung
2094,Mittelfeld
2095,Verteidigung
2096,Mittelfeld
2097,Verteidigung
2098,Sturm
2099,Mittelfeld
2100,Verteidigung
2101,Mittelfeld
2102,Torwart
2103,Verteidigung
2104,Sturm
2105,Sturm
2106,Torwart
2107,Verteidigung
2108,Verteidigung
2109,Verteidigung
2110,Sturm
2111,Mittelfeld
2112,Sturm
2113,Mittelfeld
2114,Verteidigung
2115,Torwart
2116,Verteidigung
2117,Torwart
2118,Sturm
2119,Sturm
2120,Sturm
2121,Sturm
2122,Verteidigung
2123,Sturm
2124,Verteidigung
2125,Verteidigung
2126,Mittelfeld
2127,Verteidigung
2128,Sturm
2129,Sturm
2130,Verteidigung
2131,Torwart
2132,Verteidigung
2133,Mittelfeld
2134,Sturm
2135,Sturm
2136,Verteidigung
2137,Verteidigung
2138,Sturm
2139,Sturm
2140,Mittelfeld
2141,Verteidigung
2142,Verteidigung
2143,Sturm
2144,Sturm
2145,Sturm
2146,Verteidigung
2147,Verteidigung
2148,Sturm
2149,Torwart
2150,Sturm
2151,Verteidigung
2152,Sturm
2153,Verteidigung
2154,Mittelfeld
2155,Mittelfeld
2156,Sturm
2157,Verteidigung
2158,Sturm
2159,Sturm
2160,Verteidigung
2161,Verteidigung
2162,Mittelfeld
2163,Verteidigung
2164,Verteidigung
2165,Sturm
2166,Mittelfeld
2167,Verteidigung
2168,Mittelfeld
2169,Verteidigung
2170,Sturm
2171,Sturm
2172,Torwart
2173,Verteidigung
2174,Mittelfeld
2175,Sturm
2176,Sturm
2177,Torwart
2178,Verteidigung
2179,Verteidigung
2180,Sturm
2181,Mittelfeld
2182,Sturm
2183,Verteidigung
2184,Verteidigung
2185,Sturm
2186,Torwart
2187,Verteidigung
2188,Sturm
2189,Sturm
2190,Sturm
2191,Mittelfeld
2192,Verteidigung
2193,Verteidigung
2194,Sturm
2195,Verteidigung
2196,Verteidigung
2197,Sturm
2198,Mittelfeld
2199,Verteidigung
2200,Torwart
2201,Sturm
2202,Torwart
2203,Verteidigung
2204,Sturm
2205,Verteidigung
2206,Verteidigung
2207,Sturm
2208,Verteidigung
2209,Verteidigung
2210,Sturm
2211,Verteidigung
2212,Verteidigung
2213,Sturm
2214,Verteidigung
2215,Verteidigung
2216,Sturm
2217,Verteidigung
2218,Sturm
2219,Verteidigung
2220,Sturm
2221,Sturm
2222,Mittelfeld
2223,Sturm
2224,Mittelfeld
2225,Mittelfeld
2226,Mittelfeld
2227,Mittelfeld
2228,Verteidigung
2229,Mittelfeld
2230,Verteidigung
2231,Verteidigung
2232,Verteidigung
2233,Verteidigung
2234,Mittelfeld
2235,Verteidigung
2236,Verteidigung
2237,Sturm
2238,Verteidigung
2239,Sturm
2240,Mittelfeld
2241,Mittelfeld
2242,Sturm
2243,Sturm
2244,Verteidigung
2245,Mittelfeld
2246,Sturm
2247,Sturm
2248,Sturm
2249,Sturm
2250,Verteidigung
2251,Verteidigung
2252,Mittelfeld
2253,Mittelfeld
2254,Mittelfeld
2255,Sturm
2256,Sturm
2257,Sturm
2258,Sturm
2259,Mittelfeld
2260,Torwart
2261,Sturm
2262,Mittelfeld
2263,Mittelfeld
2264,Sturm
2265,Mittelfeld
2266,Torwart
2267,Mittelfeld
2268,Verteidigung
2269,Mittelfeld
2270,Verteidigung
2271,Sturm
2272,Mittelfeld
2273,Sturm
2274,Verteidigung
2275,Sturm
2276,Mittelfeld
2277,Verteidigung
2278,Sturm
2279,Mittelfeld
2280,Sturm
2281,Mittelfeld
2282,Sturm
2283,Torwart
2284,Torwart
2285,Mittelfeld
2286,Verteidigung
2287,Sturm
2288,Mittelfeld
2289,Verteidigung
2290,Sturm
2291,Verteidigung
2292,Mittelfeld
2293,Sturm
2294,Verteidigung
2295,Sturm
2296,Sturm
2297,Verteidigung
2298,Sturm
2299,Mittelfeld
2300,Sturm
2301,Sturm
2302,Mittelfeld
2303,Verteidigung
2304,Verteidigung
2305,Mittelfeld
2306,Sturm
2307,Verteidigung
2308,Verteidigung
2309,Verteidigung
2310,Verteidigung
2311,Torwart
2312,Torwart
2313,Torwart
2314,Verteidigung
2315,Sturm
2316,Torwart
2317,Sturm
2318,Verteidigung
2319,Mittelfeld
2320,Mittelfeld
2321,Mittelfeld
2322,Sturm
2323,Sturm
2324,Mittelfeld
2325,Mittelfeld
2326,Torwart
2327,Sturm
2328,Sturm
2329,Sturm
2330,Sturm
2331,Mittelfeld
2332,Mittelfeld
2333,Mittelfeld
2334,Verteidigung
2335,Verteidigung
2336,Sturm
2337,Sturm
2338,Sturm
2339,Torwart
2340,Verteidigung
2341,Mittelfeld
2342,Verteidigung
2343,Sturm
2344,Sturm
2345,Verteidigung
2346,Sturm
2347,Verteidigung
2348,Verteidigung
2349,Sturm
2350,Verteidigung
2351,Verteidigung
2352,Mittelfeld
2353,Verteidigung
2354,Sturm
2355,Mittelfeld
2356,Mittelfeld
2357,Mittelfeld
2358,Verteidigung
2359,Sturm
2360,Sturm
2361,Mittelfeld
2362,Torwart
2363,Verteidigung
2364,Sturm
2365,Sturm
2366,Verteidigung
2367,Verteidigung
2368,Mittelfeld
2369,Sturm
2370,Verteidigung
2371,Verteidigung
2372,Verteidigung
2373,Torwart
2374,Sturm
2375,Verteidigung
2376,Mittelfeld
2377,Verteidigung
2378,Verteidigung
2379,Mittelfeld
2380,Verteidigung
2381,Sturm
2382,Mittelfeld
2383,Verteidigung
2384,Verteidigung
2385,Torwart
2386,Verteidigung
2387,Mittelfeld
2388,Torwart
2389,Mittelfeld
2390,Mittelfeld
2391,Sturm
2392,Sturm
2393,Mittelfeld
2394,Verteidigung
2395,Verteidigung
2396,Mittelfeld
2397,Verteidigung
2398,Mittelfeld
2399,Mittelfeld
2400,Torwart
2401,Verteidigung
2402,Sturm
2403,Verteidigung
2404,Verteidigung
2405,Sturm
2406,Verteidigung
2407,Verteidigung
2408,Verteidigung
2409,Mittelfeld
2410,Sturm
2411,Sturm
2412,Sturm
2413,Verteidigung
2414,Sturm
2415,Sturm
2416,Mittelfeld
2417,Torwart
2418,Verteidigung
2419,Verteidigung
2420,Verteidigung
2421,Mittelfeld
2422,Sturm
2423,Verteidigung
2424,Verteidigung
2425,Torwart
2426,Sturm
2427,Sturm
2428,Mittelfeld
2429,Sturm
2430,Sturm
2431,Verteidigung
2432,Mittelfeld
2433,Verteidigung
2434,Mittelfeld
2435,Mittelfeld
2436,Mittelfeld
2437,Sturm
2438,Verteidigung
2439,Verteidigung
2440,Verteidigung
2441,Mittelfeld
2442,Verteidigung
2443,Verteidigung
2444,Torwart
2445,Mittelfeld
2446,Verteidigung
2447,Verteidigung
2448,Sturm
2449,Sturm
2450,Sturm
2451,Sturm
2452,Torwart
2453,Mittelfeld
2454,Verteidigung
2455,Sturm
2456,Verteidigung
2457,Mittelfeld
2458,Torwart
2459,Verteidigung
2460,Torwart
2461,Sturm
2462,Sturm
2463,Sturm
2464,Mittelfeld
2465,Sturm
2466,Sturm
2467,Sturm
2468,Sturm
2469,Mittelfeld
2470,Verteidigung
2471,Sturm
2472,Mittelfeld
2473,Torwart
2474,Sturm
2475,Verteidigung
2476,Torwart
2477,Sturm
2478,Mittelfeld
2479,Sturm
2480,Torwart
2481,Verteidigung
2482,Mittelfeld
2483,Verteidigung
2484,Mittelfeld
2485,Sturm
2486,Verteidigung
2487,Sturm
2488,Sturm
2489,Verteidigung
2490,Verteidigung
2491,Sturm
2492,Mittelfeld
2493,Sturm
2494,Verteidigung
2495,Verteidigung
2496,Sturm
2497,Sturm
2498,Verteidigung
2499,Mittelfeld
2500,Sturm
2501,Mittelfeld
2502,Sturm
2503,Sturm
2504,Sturm
2505,Sturm
2506,Verteidigung
2507,Mittelfeld
2508,Torwart
2509,Verteidigung
2510,Verteidigung
2511,Verteidigung
2512,Sturm
2513,Sturm
2514,Sturm
2515,Torwart
2516,Sturm
2517,Verteidigung
2518,Sturm
2519,Verteidigung
2520,Sturm
2521,Torwart
2522,Sturm
2523,Sturm
2524,Torwart
2525,Sturm
2526,Torwart
2527,Torwart
2528,Sturm
2529,Verteidigung
2530,Sturm
2531,Sturm
2532,Verteidigung
2533,Torwart
2534,Mittelfeld
2535,Verteidigung
2536,Sturm
2537,Sturm
2538,Sturm
2539,Sturm
2540,Verteidigung
2541,Sturm
2542,Mittelfeld
2543,Sturm
2544,Verteidigung
2545,Sturm
2546,Verteidigung
2547,Sturm
2548,Verteidigung
2549,Sturm
2550,Verteidigung
2551,Sturm
2552,Mittelfeld
2553,Sturm
2554,Verteidigung
2555,Verteidigung
2556,Torwart
2557,Verteidigung
2558,Sturm
2559,Mittelfeld
2560,Verteidigung
2561,Verteidigung
2562,Mittelfeld
2563,Sturm
2564,Verteidigung
2565,Verteidigung
2566,Sturm
2567,Verteidigung
2568,Verteidigung
2569,Verteidigung
2570,Mittelfeld
2571,Sturm
2572,Mittelfeld
2573,Mittelfeld
2574,Torwart
2575,Mittelfeld
2576,Verteidigung
2577,Mittelfeld
2578,Mittelfeld
2579,Sturm
2580,Verteidigung
2581,Sturm
2582,Verteidigung
2583,Sturm
2584,Mittelfeld
2585,Mittelfeld
2586,Sturm
2587,Sturm
2588,Torwart
2589,Mittelfeld
2590,Mittelfeld
2591,Verteidigung
2592,Mittelfeld
2593,Sturm
2594,Torwart
2595,Torwart
2596,Sturm
2597,Sturm
2598,Verteidigung
2599,Mittelfeld
2600,Verteidigung
2601,Sturm
2602,Sturm
2603,Sturm
2604,Sturm
2605,Sturm
2606,Torwart
2607,Verteidigung
2608,Verteidigung
2609,Verteidigung
2610,Verteidigung
2611,Sturm
2612,Verteidigung
2613,Mittelfeld
2614,Verteidigung
2615,Verteidigung
2616,Sturm
2617,Sturm
2618,Sturm
2619,Sturm
2620,Sturm
2621,Torwart
2622,Sturm
2623,Mittelfeld
2624,Verteidigung
2625,Sturm
2626,Verteidigung
2627,Mittelfeld
2628,Verteidigung
2629,Mittelfeld
2630,Mittelfeld
2631,Sturm
2632,Sturm
2633,Mittelfeld
2634,Verteidigung
2635,Mittelfeld
2636,Torwart
2637,Verteidigung
2638,Mittelfeld
2639,Mittelfeld
2640,Verteidigung
2641,Mittelfeld
2642,Torwart
2643,Torwart
2644,Sturm
2645,Verteidigung
2646,Verteidigung
2647,Sturm
2648,Mittelfeld
2649,Sturm
2650,Sturm
2651,Torwart
2652,Sturm
2653,Verteidigung
2654,Torwart
2655,Sturm
2656,Verteidigung
2657,Torwart
2658,Verteidigung
2659,Verteidigung
2660,Verteidigung
2661,Verteidigung
2662,Torwart
2663,Mittelfeld
2664,Mittelfeld
2665,Verteidigung
2666,Mittelfeld
2667,Verteidigung
2668,Verteidigung
2669,Verteidigung
2670,Verteidigung
2671,Sturm
2672,Sturm
2673,Torwart
2674,Mittelfeld
2675,Sturm
2676,Verteidigung
2677,Torwart
2678,Mittelfeld
2679,Mittelfeld
2680,Sturm
2681,Verteidigung
2682,Sturm
2683,Sturm
2684,Sturm
2685,Sturm
2686,Verteidigung
2687,Sturm
2688,Mittelfeld
2689,Sturm
2690,Mittelfeld
2691,Sturm
2692,Sturm
2693,Verteidigung
2694,Verteidigung
2695,Sturm
2696,Mittelfeld
2697,Sturm
2698,Verteidigung
2699,Sturm
2700,Verteidigung
2701,Sturm
2702,Sturm
2703,Verteidigung
2704,Mittelfeld
2705,Sturm
2706,Mittelfeld
2707,Sturm
2708,Sturm
2709,Sturm
2710,Verteidigung
2711,Mittelfeld
2712,Sturm
2713,Mittelfeld
2714,Sturm
2715,Sturm
2716,Sturm
2717,Torwart
2718,Sturm
2719,Sturm
2720,Mittelfeld
2721,Verteidigung
2722,Mittelfeld
2723,Sturm
2724,Sturm
2725,Sturm
2726,Sturm
2727,Verteidigung
2728,Verteidigung
2729,Verteidigung
2730,Torwart
2731,Mittelfeld
2732,Torwart
2733,Verteidigung
2734,Mittelfeld
2735,Sturm
2736,Verteidigung
2737,Verteidigung
2738,Sturm
2739,Verteidigung
2740,Sturm
2741,Sturm
2742,Verteidigung
2743,Verteidigung
2744,Sturm
2745,Torwart
2746,Verteidigung
2747,Torwart
2748,Torwart
2749,Verteidigung
2750,Verteidigung
2751,Sturm
2752,Sturm
2753,Sturm
2754,Torwart
2755,Verteidigung
2756,Sturm
2757,Verteidigung
2758,Mittelfeld
2759,Verteidigung
2760,Mittelfeld
2761,Verteidigung
2762,Sturm
2763,Verteidigung
2764,Sturm
2765,Torwart
2766,Verteidigung
2767,Mittelfeld
2768,Mittelfeld
2769,Torwart
2770,Torwart
2771,Mittelfeld
2772,Torwart
2773,Sturm
2774,Sturm
2775,Verteidigung
2776,Verteidigung
2777,Verteidigung
2778,Sturm
2779,Sturm
2780,Sturm
2781,Verteidigung
2782,Verteidigung
2783,Verteidigung
2784,Verteidigung
2785,Mittelfeld
2786,Mittelfeld
2787,Torwart
2788,Verteidigung
2789,Verteidigung
2790,Verteidigung
2791,Verteidigung
2792,Mittelfeld
2793,Sturm
2794,Verteidigung
2795,Sturm
2796,Sturm
2797,Torwart
2798,Verteidigung
2799,Sturm
2800,Mittelfeld
2801,Torwart
2802,Sturm
2803,Sturm
2804,Mittelfeld
2805,Verteidigung
2806,Verteidigung
2807,Sturm
2808,Verteidigung
2809,Verteidigung
2810,Sturm
2811,Mittelfeld
2812,Sturm
2813,Mittelfeld
2814,Verteidigung
2815,Verteidigung
2816,Sturm
2817,Mittelfeld
2818,Sturm
2819,Sturm
2820,Verteidigung
2821,Sturm
2822,Verteidigung
2823,Mittelfeld
2824,Sturm
2825,Sturm
2826,Mittelfeld
2827,Verteidigung
2828,Sturm
2829,Verteidigung
2830,Mittelfeld
2831,Sturm
2832,Torwart
2833,Mittelfeld
2834,Sturm
2835,Sturm
2836,Sturm
2837,Sturm
2838,Mittelfeld
2839,Sturm
2840,Mittelfeld
2841,Verteidigung
2842,Verteidigung
2843,Torwart
2844,Torwart
2845,Verteidigung
2846,Mittelfeld
2847,Sturm
2848,Sturm
2849,Verteidigung
2850,Verteidigung
2851,Verteidigung
2852,Verteidigung
2853,Verteidigung
2854,Sturm
2855,Verteidigung
2856,Mittelfeld
2857,Verteidigung
2858,Sturm
2859,Verteidigung
2860,Sturm
2861,Verteidigung
2862,Sturm
2863,Verteidigung
2864,Verteidigung
2865,Verteidigung
2866,Sturm
2867,Mittelfeld
2868,Torwart
2869,Sturm
2870,Verteidigung
2871,Verteidigung
2872,Verteidigung
2873,Verteidigung
2874,Verteidigung
2875,Mittelfeld
2876,Sturm
2877,Torwart
2878,Verteidigung
2879,Mittelfeld
2880,Torwart
2881,Sturm
2882,Verteidigung
2883,Torwart
2884,Verteidigung
2885,Torwart
2886,Sturm
2887,Verteidigung
2888,Mittelfeld
2889,Torwart
2890,Mittelfeld
2891,Sturm
2892,Sturm
2893,Verteidigung
2894,Sturm
2895,Mittelfeld
2896,Verteidigung
2897,Mittelfeld
2898,Verteidigung
2899,Verteidigung
2900,Mittelfeld
2901,Sturm
2902,Sturm
2903,Sturm
2904,Mittelfeld
2905,Verteidigung
2906,Sturm
2907,Verteidigung
2908,Mittelfeld
2909,Verteidigung
2910,Verteidigung
2911,Verteidigung
2912,Sturm
2913,Sturm
2914,Torwart
2915,Verteidigung
2916,Verteidigung
2917,Torwart
2918,Verteidigung
2919,Torwart
2920,Verteidigung
2921,Sturm
2922,Verteidigung
2923,Sturm
2924,Mittelfeld
2925,Sturm
2926,Torwart
2927,Verteidigung
2928,Sturm
2929,Sturm
2930,Torwart
2931,Sturm
2932,Mittelfeld
2933,Torwart
2934,Verteidigung
2935,Torwart
2936,Sturm
2937,Verteidigung
2938,Verteidigung
2939,Sturm
2940,Sturm
2941,Verteidigung
2942,Sturm
2943,Mittelfeld
2944,Mittelfeld
2945,Mittelfeld
2946,Verteidigung
2947,Verteidigung
2948,Sturm
2949,Verteidigung
2950,Verteidigung
2951,Sturm
2952,Mittelfeld
2953,Sturm
2954,Sturm
2955,Verteidigung
2956,Sturm
2957,Verteidigung
2958,Verteidigung
2959,Verteidigung
2960,Sturm
2961,Verteidigung
2962,Mittelfeld
2963,Sturm
2964,Sturm
2965,Verteidigung
2966,Torwart
2967,Sturm
2968,Verteidigung
2969,Verteidigung
2970,Verteidigung
2971,Verteidigung
2972,Torwart
2973,Sturm
2974,Mittelfeld
2975,Sturm
2976,Verteidigung
2977,Verteidigung
2978,Sturm
2979,Verteidigung
2980,Verteidigung
2981,Mittelfeld
2982,Verteidigung
2983,Verteidigung
2984,Mittelfeld
2985,Sturm
2986,Sturm
2987,Sturm
2988,Mittelfeld
2989,Sturm
2990,Verteidigung
2991,Sturm
2992,Mittelfeld
2993,Mittelfeld
2994,Mittelfeld
2995,Sturm
2996,Mittelfeld
2997,Torwart
2998,Sturm
2999,Sturm
3000,Sturm
3001,Sturm
3002,Sturm
3003,Sturm
3004,Mittelfeld
3005,Sturm
3006,Verteidigung
3007,Verteidigung
3008,Verteidigung
3009,Verteidigung
3010,Sturm
3011,Mittelfeld
3012,Verteidigung
3013,Mittelfeld
3014,Sturm
3015,Verteidigung
3016,Sturm
3017,Sturm
3018,Sturm
3019,Mittelfeld
3020,Mittelfeld
3021,Verteidigung
3022,Verteidigung
3023,Sturm
3024,Sturm
3025,Mittelfeld
3026,Verteidigung
3027,Verteidigung
3028,Verteidigung
3029,Sturm
3030,Torwart
3031,Torwart
3032,Torwart
3033,Mittelfeld
3034,Sturm
3035,Verteidigung
3036,Verteidigung
3037,Verteidigung
3038,Sturm
3039,Verteidigung
3040,Verteidigung
3041,Sturm
3042,Verteidigung
3043,Torwart
3044,Mittelfeld
3045,Verteidigung
3046,Sturm
3047,Verteidigung
3048,Torwart
3049,Mittelfeld
3050,Sturm
3051,Mittelfeld
3052,Verteidigung
3053,Verteidigung
3054,Verteidigung
3055,Torwart
3056,Sturm
3057,Verteidigung
3058,Sturm
3059,Sturm
3060,Sturm
3061,Torwart
3062,Sturm
3063,Torwart
3064,Mittelfeld
3065,Sturm
3066,Sturm
3067,Verteidigung
3068,Torwart
3069,Sturm
3070,Mittelfeld
3071,Verteidigung
3072,Sturm
3073,Torwart
3074,Sturm
3075,Verteidigung
3076,Verteidigung
3077,Verteidigung
3078,Sturm
3079,Sturm
3080,Torwart
3081,Mittelfeld
3082,Mittelfeld
3083,Sturm
3084,Verteidigung
3085,Verteidigung
3086,Mittelfeld
3087,Sturm
3088,Verteidigung
3089,Sturm
3090,Verteidigung
3091,Mittelfeld
3092,Sturm
3093,Sturm
3094,Verteidigung
3095,Mittelfeld
3096,Verteidigung
3097,Torwart
3098,Torwart
3099,Verteidigung
3100,Sturm
3101,Mittelfeld
3102,Mittelfeld
3103,Sturm
3104,Verteidigung
3105,Sturm
3106,Verteidigung
3107,Mittelfeld
3108,Verteidigung
3109,Sturm
3110,Verteidigung
3111,Verteidigung
3112,Sturm
3113,Mittelfeld
3114,Verteidigung
3115,Sturm
3116,Mittelfeld
3117,Sturm
3118,Torwart
3119,Sturm
3120,Sturm
3121,Verteidigung
3122,Verteidigung
3123,Verteidigung
3124,Sturm
3125,Sturm
3126,Verteidigung
3127,Verteidigung
3128,Sturm
3129,Verteidigung
3130,Mittelfeld
3131,Mittelfeld
3132,Verteidigung
3133,Verteidigung
3134,Sturm
3135,Verteidigung
3136,Mittelfeld
3137,Verteidigung
3138,Sturm
3139,Sturm
3140,Mittelfeld
3141,Torwart
3142,Sturm
3143,Verteidigung
3144,Mittelfeld
3145,Verteidigung
3146,Verteidigung
3147,Sturm
3148,Mittelfeld
3149,Torwart
3150,Verteidigung
3151,Torwart
3152,Torwart
3153,Verteidigung
3154,Sturm
3155,Verteidigung
3156,Torwart
3157,Mittelfeld
3158,Sturm
3159,Verteidigung
3160,Sturm
3161,Sturm
3162,Mittelfeld
3163,Verteidigung
3164,Mittelfeld
3165,Torwart
3166,Mittelfeld
3167,Mittelfeld
3168,Sturm
3169,Verteidigung
3170,Sturm
3171,Torwart
3172,Verteidigung
3173,Verteidigung
3174,Verteidigung
3175,Mittelfeld
3176,Sturm
3177,Verteidigung
3178,Verteidigung
3179,Verteidigung
3180,Verteidigung
3181,Sturm
3182,Sturm
3183,Sturm
3184,Sturm
3185,Sturm
3186,Mittelfeld
3187,Verteidigung
3188,Torwart
3189,Sturm
3190,Verteidigung
3191,Verteidigung
3192,Verteidigung
3193,Sturm
3194,Mittelfeld
3195,Torwart
3196,Torwart
3197,Torwart
3198,Sturm
3199,Sturm
3200,Sturm
3201,Torwart
3202,Mittelfeld
3203,Sturm
3204,Mittelfeld
3205,Verteidigung
3206,Mittelfeld
3207,Sturm
3208,Verteidigung
3209,Mittelfeld
3210,Sturm
3211,Mittelfeld
3212,Verteidigung
3213,Verteidigung
3214,Mittelfeld
3215,Verteidigung
3216,Torwart
3217,Verteidigung
3218,Mittelfeld
3219,Verteidigung
3220,Sturm
3221,Sturm
3222,Verteidigung
3223,Sturm
3224,Verteidigung
3225,Torwart
3226,Mittelfeld
3227,Verteidigung
3228,Verteidigung
3229,Sturm
3230,Sturm
3231,Sturm
3232,Torwart
3233,Sturm
3234,Sturm
3235,Verteidigung
3236,Sturm
3237,Verteidigung
3238,Mittelfeld
3239,Verteidigung
3240,Sturm
3241,Sturm
3242,Verteidigung
3243,Sturm
3244,Verteidigung
3245,Verteidigung
3246,Verteidigung
3247,Sturm
3248,Sturm
3249,Verteidigung
3250,Mittelfeld
3251,Verteidigung
3252,Verteidigung
3253,Sturm
3254,Sturm
3255,Mittelfeld
3256,Verteidigung
3257,Mittelfeld
3258,Verteidigung
3259,Verteidigung
3260,Verteidigung
3261,Verteidigung
3262,Sturm
3263,Sturm
3264,Torwart
3265,Mittelfeld
3266,Mittelfeld
3267,Sturm
3268,Verteidigung
3269,Mittelfeld
3270,Sturm
3271,Sturm
3272,Verteidigung
3273,Torwart
3274,Mittelfeld
3275,Sturm
3276,Verteidigung
3277,Sturm
3278,Torwart
3279,Verteidigung
3280,Mittelfeld
3281,Torwart
3282,Sturm
3283,Mittelfeld
3284,Verteidigung
3285,Verteidigung
3286,Sturm
3287,Sturm
3288,Mittelfeld
3289,Verteidigung
3290,Mittelfeld
3291,Verteidigung
3292,Verteidigung
3293,Sturm
3294,Verteidigung
3295,Torwart
3296,Torwart
3297,Sturm
3298,Mittelfeld
3299,Sturm
3300,Verteidigung
3301,Sturm
3302,Verteidigung
3303,Mittelfeld
3304,Sturm
3305,Sturm
3306,Mittelfeld
3307,Sturm
3308,Sturm
3309,Mittelfeld
3310,Mittelfeld
3311,Sturm
3312,Verteidigung
3313,Verteidigung
3314,Mittelfeld
3315,Mittelfeld
3316,Verteidigung
3317,Verteidigung
3318,Sturm
3319,Verteidigung
3320,Mittelfeld
3321,Torwart
3322,Verteidigung
3323,Sturm
3324,Torwart
3325,Verteidigung
3326,Sturm
3327,Mittelfeld
3328,Verteidigung
3329,Torwart
3330,Sturm
3331,Sturm
3332,Verteidigung
3333,Verteidigung
3334,Sturm
3335,Sturm
3336,Torwart
3337,Mittelfeld
3338,Torwart
3339,Verteidigung
3340,Sturm
3341,Sturm
3342,Verteidigung
3343,Sturm
3344,Verteidigung
3345,Sturm
3346,Torwart
3347,Verteidigung
3348,Torwart
3349,Sturm
3350,Sturm
3351,Torwart
3352,Sturm
3353,Sturm
3354,Mittelfeld
3355,Mittelfeld
3356,Verteidigung
3357,Sturm
3358,Mittelfeld
3359,Mittelfeld
3360,Verteidigung
3361,Sturm
3362,Mittelfeld
3363,Mittelfeld
3364,Sturm
3365,Verteidigung
3366,Verteidigung
3367,Torwart
3368,Mittelfeld
3369,Sturm
3370,Mittelfeld
3371,Sturm
3372,Verteidigung
3373,Verteidigung
3374,Verteidigung
3375,Torwart
3376,Verteidigung
3377,Mittelfeld
3378,Verteidigung
3379,Sturm
3380,Verteidigung
3381,Verteidigung
3382,Sturm
3383,Sturm
3384,Sturm
3385,Verteidigung
3386,Verteidigung
3387,Sturm
3388,Verteidigung
3389,Mittelfeld
3390,Verteidigung
3391,Mittelfeld
3392,Verteidigung
3393,Torwart
3394,Sturm
3395,Verteidigung
3396,Verteidigung
3397,Sturm
3398,Sturm
3399,Mittelfeld
3400,Sturm
3401,Verteidigung
3402,Verteidigung
3403,Mittelfeld
3404,Sturm
3405,Mittelfeld
3406,Sturm
3407,Mittelfeld
3408,Sturm
3409,Verteidigung
3410,Sturm
3411,Verteidigung
3412,Verteidigung
3413,Sturm
3414,Verteidigung
3415,Sturm
3416,Verteidigung
3417,Verteidigung
3418,Sturm
3419,Torwart
3420,Mittelfeld
3421,Mittelfeld
3422,Verteidigung
3423,Mittelfeld
3424,Verteidigung
3425,Verteidigung
3426,Mittelfeld
3427,Verteidigung
3428,Mittelfeld
3429,Sturm
3430,Verteidigung
3431,Sturm
3432,Verteidigung
3433,Verteidigung
3434,Sturm
3435,Verteidigung
3436,Sturm
3437,Mittelfeld
3438,Mittelfeld
3439,Verteidigung
3440,Torwart
3441,Sturm
3442,Verteidigung
3443,Verteidigung
3444,Torwart
3445,Sturm
3446,Sturm
3447,Verteidigung
3448,Sturm
3449,Verteidigung
3450,Verteidigung
3451,Verteidigung
3452,Sturm
3453,Torwart
3454,Mittelfeld
3455,Sturm
3456,Sturm
3457,Verteidigung
3458,Sturm
3459,Verteidigung
3460,Mittelfeld
3461,Mittelfeld
3462,Verteidigung
3463,Torwart
3464,Verteidigung
3465,Verteidigung
3466,Torwart
3467,Mittelfeld
3468,Sturm
3469,Mittelfeld
3470,Torwart
3471,Sturm
3472,Verteidigung
3473,Verteidigung
3474,Verteidigung
3475,Verteidigung
3476,Verteidigung
3477,Sturm
3478,Verteidigung
3479,Torwart
3480,Verteidigung
3481,Mittelfeld
3482,Verteidigung
3483,Mittelfeld
3484,Torwart
3485,Torwart
3486,Sturm
3487,Verteidigung
3488,Torwart
3489,Torwart
3490,Sturm
3491,Sturm
3492,Torwart
3493,Torwart
3494,Mittelfeld
3495,Verteidigung
3496,Mittelfeld
3497,Sturm
3498,Mittelfeld
3499,Verteidigung
3500,Sturm
3501,Verteidigung
3502,Verteidigung
3503,Sturm
3504,Torwart
3505,Sturm
3506,Sturm
3507,Verteidigung
3508,Sturm
3509,Sturm
3510,Mittelfeld
3511,Mittelfeld
3512,Verteidigung
3513,Verteidigung
3514,Sturm
3515,Verteidigung
3516,Verteidigung
3517,Sturm
3518,Sturm
3519,Mittelfeld
3520,Sturm
3521,Verteidigung
3522,Mittelfeld
3523,Mittelfeld
3524,Sturm
3525,Mittelfeld
3526,Mittelfeld
3527,Torwart
3528,Verteidigung
3529,Verteidigung
3530,Verteidigung
3531,Mittelfeld
3532,Sturm
3533,Sturm
3534,Sturm
3535,Sturm
3536,Mittelfeld
3537,Sturm
3538,Verteidigung
3539,Sturm
3540,Sturm
3541,Verteidigung
3542,Verteidigung
3543,Verteidigung
3544,Verteidigung
3545,Mittelfeld
3546,Mittelfeld
3547,Sturm
3548,Sturm
3549,Verteidigung
3550,Mittelfeld
3551,Sturm
3552,Sturm
3553,Torwart
3554,Torwart
3555,Verteidigung
3556,Mittelfeld
3557,Verteidigung
3558,Mittelfeld
3559,Mittelfeld
3560,Verteidigung
3561,Verteidigung
3562,Verteidigung
3563,Torwart
3564,Verteidigung
3565,Verteidigung
3566,Sturm
3567,Verteidigung
3568,Verteidigung
3569,Sturm
3570,Verteidigung
3571,Verteidigung
3572,Sturm
3573,Torwart
3574,Sturm
3575,Sturm
3576,Torwart
3577,Sturm
3578,Verteidigung
3579,Verteidigung
3580,Sturm
3581,Verteidigung
3582,Verteidigung
3583,Torwart
3584,Mittelfeld
3585,Mittelfeld
3586,Sturm
3587,Sturm
3588,Verteidigung
3589,Mittelfeld
3590,Sturm
3591,Mittelfeld
3592,Mittelfeld
3593,Mittelfeld
3594,Verteidigung
3595,Mittelfeld
3596,Verteidigung
3597,Sturm
3598,Mittelfeld
3599,Sturm
3600,Sturm
3601,Torwart
3602,Torwart
3603,Torwart
3604,Verteidigung
3605,Torwart
3606,Verteidigung
3607,Mittelfeld
3608,Mittelfeld
3609,Sturm
3610,Torwart
3611,Verteidigung
3612,Sturm
3613,Verteidigung
3614,Torwart
3615,Verteidigung
3616,Verteidigung
3617,Sturm
3618,Sturm
3619,Verteidigung
3620,Sturm
3621,Sturm
3622,Verteidigung
3623,Mittelfeld
3624,Verteidigung
3625,Sturm
3626,Verteidigung
3627,Sturm
3628,Verteidigung
3629,Mittelfeld
3630,Mittelfeld
3631,Mittelfeld
3632,Verteidigung
3633,Sturm
3634,Verteidigung
3635,Sturm
3636,Torwart
3637,Sturm
3638,Sturm
3639,Sturm
3640,Verteidigung
3641,Sturm
3642,Torwart
3643,Verteidigung
3644,Sturm
3645,Sturm
3646,Sturm
3647,Sturm
3648,Sturm
3649,Sturm
3650,Mittelfeld
3651,Verteidigung
3652,Torwart
3653,Sturm
3654,Sturm
3655,Mittelfeld
3656,Sturm
3657,Sturm
3658,Verteidigung
3659,Verteidigung
3660,Verteidigung
3661,Torwart
3662,Torwart
3663,Verteidigung
3664,Mittelfeld
3665,Sturm
3666,Sturm
3667,Mittelfeld
3668,Sturm
3669,Torwart
3670,Sturm
3671,Torwart
3672,Mittelfeld
3673,Verteidigung
3674,Verteidigung
3675,Verteidigung
3676,Sturm
3677,Mittelfeld
3678,Verteidigung
3679,Verteidigung
3680,Sturm
3681,Torwart
3682,Mittelfeld
3683,Mittelfeld
3684,Verteidigung
3685,Mittelfeld
3686,Torwart
3687,Sturm
3688,Sturm
3689,Torwart
3690,Torwart
3691,Sturm
3692,Sturm
3693,Verteidigung
3694,Verteidigung
3695,Mittelfeld
3696,Sturm
3697,Sturm
3698,Torwart
3699,Verteidigung
3700,Torwart
3701,Sturm
3702,Verteidigung
3703,Sturm
3704,Verteidigung
3705,Mittelfeld
3706,Verteidigung
3707,Mittelfeld
3708,Verteidigung
3709,Mittelfeld
3710,Mittelfeld
3711,Torwart
3712,Verteidigung
3713,Mittelfeld
3714,Verteidigung
3715,Sturm
3716,Mittelfeld
3717,Sturm
3718,Torwart
3719,Sturm
3720,Torwart
3721,Sturm
3722,Sturm
3723,Mittelfeld
3724,Torwart
3725,Torwart
3726,Sturm
3727,Torwart
3728,Mittelfeld
3729,Sturm
3730,Torwart
3731,Sturm
3732,Mittelfeld
3733,Torwart
3734,Sturm
3735,Sturm
3736,Verteidigung
3737,Verteidigung
3738,Sturm
3739,Torwart
3740,Mittelfeld
3741,Verteidigung
3742,Mittelfeld
3743,Torwart
3744,Sturm
3745,Torwart
3746,Sturm
3747,Torwart
3748,Sturm
3749,Mittelfeld
3750,Sturm
3751,Verteidigung
3752,Mittelfeld
3753,Verteidigung
3754,Verteidigung
3755,Sturm
3756,Torwart
3757,Mittelfeld
3758,Mittelfeld
3759,Mittelfeld
3760,Mittelfeld
3761,Verteidigung
3762,Torwart
3763,Mittelfeld
3764,Mittelfeld
3765,Mittelfeld
3766,Verteidigung
3767,Mittelfeld
3768,Verteidigung
3769,Mittelfeld
3770,Sturm
3771,Sturm
3772,Verteidigung
3773,Verteidigung
3774,Mittelfeld
3775,Torwart
3776,Mittelfeld
3777,Sturm
3778,Sturm
3779,Mittelfeld
3780,Mittelfeld
3781,Verteidigung
3782,Mittelfeld
3783,Verteidigung
3784,Verteidigung
3785,Verteidigung
3786,Verteidigung
3787,Torwart
3788,Mittelfeld
3789,Sturm
3790,Sturm
3791,Torwart
3792,Verteidigung
3793,Torwart
3794,Torwart
3795,Mittelfeld
3796,Torwart
3797,Verteidigung
3798,Sturm
3799,Mittelfeld
3800,Verteidigung
3801,Mittelfeld
3802,Mittelfeld
3803,Verteidigung
3804,Sturm
3805,Sturm
3806,Sturm
3807,Sturm
3808,Mittelfeld
3809,Verteidigung
3810,Mittelfeld
3811,Torwart
3812,Sturm
3813,Torwart
3814,Verteidigung
3815,Verteidigung
3816,Sturm
3817,Verteidigung
3818,Verteidigung
3819,Verteidigung
3820,Verteidigung
3821,Verteidigung
3822,Mittelfeld
3823,Verteidigung
3824,Torwart
3825,Mittelfeld
3826,Mittelfeld
3827,Sturm
3828,Sturm
3829,Sturm
3830,Sturm
3831,Sturm
3832,Verteidigung
3833,Mittelfeld
3834,Mittelfeld
3835,Verteidigung
3836,Mittelfeld
3837,Sturm
3838,Verteidigung
3839,Torwart
3840,Sturm
3841,Verteidigung
3842,Torwart
3843,Verteidigung
3844,Verteidigung
3845,Sturm
3846,Mittelfeld
3847,Sturm
3848,Verteidigung
3849,Torwart
3850,Sturm
3851,Sturm
3852,Verteidigung
3853,Sturm
3854,Torwart
3855,Verteidigung
3856,Verteidigung
3857,Mittelfeld
3858,Torwart
3859,Torwart
3860,Sturm
3861,Sturm
3862,Sturm
3863,Sturm
3864,Sturm
3865,Verteidigung
3866,Mittelfeld
3867,Sturm
3868,Verteidigung
3869,Torwart
3870,Sturm
3871,Verteidigung
3872,Torwart
3873,Verteidigung
3874,Sturm
3875,Sturm
3876,Verteidigung
3877,Torwart
3878,Verteidigung
3879,Torwart
3880,Torwart
3881,Verteidigung
3882,Sturm
3883,Sturm
3884,Mittelfeld
3885,Verteidigung
3886,Verteidigung
3887,Torwart
3888,Verteidigung
3889,Sturm
3890,Sturm
3891,Mittelfeld
3892,Mittelfeld
3893,Mittelfeld
3894,Verteidigung
3895,Sturm
3896,Mittelfeld
3897,Sturm
3898,Sturm
3899,Sturm
3900,Verteidigung
3901,Sturm
3902,Verteidigung
3903,Mittelfeld
3904,Torwart
3905,Sturm
3906,Verteidigung
3907,Sturm
3908,Verteidigung
3909,Verteidigung
3910,Torwart
3911,Torwart
3912,Mittelfeld
3913,Verteidigung
3914,Sturm
3915,Verteidigung
3916,Verteidigung
3917,Verteidigung
3918,Sturm
3919,Sturm
3920,Sturm
3921,Mittelfeld
3922,Sturm
3923,Sturm
3924,Mittelfeld
3925,Torwart
3926,Verteidigung
3927,Sturm
3928,Torwart
3929,Torwart
3930,Verteidigung
3931,Torwart
3932,Sturm
3933,Torwart
3934,Verteidigung
3935,Torwart
3936,Sturm
3937,Verteidigung
3938,Sturm
3939,Mittelfeld
3940,Verteidigung
3941,Verteidigung
3942,Mittelfeld
3943,Verteidigung
3944,Mittelfeld
3945,Torwart
3946,Sturm
3947,Sturm
3948,Torwart
3949,Torwart
3950,Mittelfeld
3951,Mittelfeld
3952,Verteidigung
3953,Torwart
3954,Sturm
3955,Mittelfeld
3956,Verteidigung
3957,Sturm
3958,Torwart
3959,Sturm
3960,Verteidigung
3961,Mittelfeld
3962,Torwart
3963,Sturm
3964,Sturm
3965,Torwart
3966,Sturm
3967,Torwart
3968,Mittelfeld
3969,Mittelfeld
3970,Torwart
3971,Sturm
3972,Sturm
3973,Verteidigung
3974,Sturm
3975,Sturm
3976,Verteidigung
3977,Torwart
3978,Sturm
3979,Sturm
3980,Verteidigung
3981,Mittelfeld
3982,Verteidigung
3983,Mittelfeld
3984,Verteidigung
3985,Torwart
3986,Verteidigung
3987,Mittelfeld
3988,Verteidigung
3989,Verteidigung
3990,Sturm
3991,Mittelfeld
3992,Verteidigung
3993,Verteidigung
3994,Verteidigung
3995,Mittelfeld
3996,Verteidigung
3997,Sturm
3998,Sturm
3999,Sturm
4000,Sturm
4001,Verteidigung
4002,Sturm
4003,Mittelfeld
4004,Mittelfeld
4005,Mittelfeld
4006,Sturm
4007,Mittelfeld
4008,Mittelfeld
4009,Sturm
4010,Verteidigung
4011,Mittelfeld
4012,Sturm
4013,Sturm
4014,Mittelfeld
4015,Sturm
4016,Verteidigung
4017,Mittelfeld
4018,Mittelfeld
4019,Mittelfeld
4020,Sturm
4021,Mittelfeld
4022,Verteidigung
4023,Mittelfeld
4024,Mittelfeld
4025,Mittelfeld
4026,Mittelfeld
4027,Sturm
4028,Verteidigung
4029,Verteidigung
4030,Sturm
4031,Torwart
4032,Sturm
4033,Sturm
4034,Mittelfeld
4035,Verteidigung
4036,Verteidigung
4037,Sturm
4038,Sturm
4039,Verteidigung
4040,Mittelfeld
4041,Verteidigung
4042,Verteidigung
4043,Verteidigung
4044,Mittelfeld
4045,Sturm
4046,Torwart
4047,Verteidigung
4048,Mittelfeld
4049,Torwart
4050,Mittelfeld
4051,Torwart
4052,Sturm
4053,Mittelfeld
4054,Torwart
4055,Sturm
4056,Torwart
4057,Torwart
4058,Sturm
4059,Verteidigung
4060,Verteidigung
4061,Sturm
4062,Mittelfeld
4063,Torwart
4064,Sturm
4065,Verteidigung
4066,Sturm
4067,Sturm
4068,Sturm
4069,Verteidigung
4070,Sturm
4071,Sturm
4072,Torwart
4073,Verteidigung
4074,Sturm
4075,Sturm
4076,Sturm
4077,Sturm
4078,Verteidigung
4079,Sturm
4080,Verteidigung
4081,Verteidigung
4082,Verteidigung
4083,Mittelfeld
4084,Torwart
4085,Verteidigung
4086,Torwart
4087,Sturm
4088,Verteidigung
4089,Verteidigung
4090,Verteidigung
4091,Sturm
4092,Sturm
4093,Verteidigung
4094,Mittelfeld
4095,Sturm
4096,Torwart
4097,Torwart
4098,Verteidigung
4099,Mittelfeld
4100,Verteidigung
4101,Sturm
4102,Mittelfeld
4103,Verteidigung
4104,Verteidigung
4105,Verteidigung
4106,Verteidigung
4107,Verteidigung
4108,Sturm
4109,Verteidigung
4110,Mittelfeld
4111,Verteidigung
4112,Torwart
4113,Verteidigung
4114,Mittelfeld
4115,Mittelfeld
4116,Sturm
4117,Mittelfeld
4118,Mittelfeld
4119,Sturm
4120,Verteidigung
4121,Mittelfeld
4122,Torwart
4123,Verteidigung
4124,Mittelfeld
4125,Mittelfeld
4126,Verteidigung
4127,Sturm
4128,Verteidigung
4129,Sturm
4130,Torwart
4131,Torwart
4132,Verteidigung
4133,Sturm
4134,Sturm
4135,Sturm
4136,Sturm
4137,Verteidigung
4138,Mittelfeld
4139,Verteidigung
4140,Sturm
4141,Verteidigung
4142,Mittelfeld
4143,Verteidigung
4144,Verteidigung
4145,Sturm
4146,Mittelfeld
4147,Torwart
4148,Verteidigung
4149,Verteidigung
4150,Sturm
4151,Sturm
4152,Verteidigung
4153,Torwart
4154,Verteidigung
4155,Sturm
4156,Sturm
4157,Mittelfeld
4158,Torwart
4159,Verteidigung
4160,Mittelfeld
4161,Torwart
4162,Verteidigung
4163,Mittelfeld
4164,Sturm
4165,Verteidigung
4166,Mittelfeld
4167,Sturm
4168,Sturm
4169,Mittelfeld
4170,Sturm
4171,Verteidigung
4172,Verteidigung
4173,Verteidigung
4174,Torwart
4175,Verteidigung
4176,Verteidigung
4177,Verteidigung
4178,Verteidigung
4179,Mittelfeld
4180,Sturm
4181,Verteidigung
4182,Sturm
4183,Mittelfeld
4184,Verteidigung
4185,Torwart
4186,Sturm
4187,Mittelfeld
4188,Sturm
4189,Verteidigung
4190,Mittelfeld
4191,Sturm
4192,Sturm
4193,Mittelfeld
4194,Mittelfeld
4195,Torwart
4196,Sturm
4197,Sturm
4198,Torwart
4199,Torwart
4200,Mittelfeld
4201,Mittelfeld
4202,Verteidigung
4203,Verteidigung
4204,Torwart
4205,Sturm
4206,Sturm
4207,Verteidigung
4208,Sturm
4209,Verteidigung
4210,Verteidigung
4211,Sturm
4212,Verteidigung
4213,Sturm
4214,Verteidigung
4215,Torwart
4216,Mittelfeld
4217,Verteidigung
4218,Sturm
4219,Verteidigung
4220,Verteidigung
4221,Sturm
4222,Sturm
4223,Verteidigung
4224,Verteidigung
4225,Verteidigung
4226,Mittelfeld
4227,Verteidigung
4228,Sturm
4229,Verteidigung
4230,Sturm
4231,Mittelfeld
4232,Sturm
4233,Sturm
4234,Mittelfeld
4235,Verteidigung
4236,Sturm
4237,Verteidigung
4238,Mittelfeld
4239,Sturm
4240,Torwart
4241,Mittelfeld
4242,Torwart
4243,Sturm
4244,Verteidigung
4245,Sturm
4246,Torwart
4247,Torwart
4248,Mittelfeld
4249,Sturm
4250,Verteidigung
4251,Sturm
4252,Verteidigung
4253,Torwart
4254,Mittelfeld
4255,Verteidigung
4256,Sturm
4257,Verteidigung
4258,Verteidigung
4259,Mittelfeld
4260,Verteidigung
4261,Sturm
4262,Verteidigung
4263,Mittelfeld
4264,Mittelfeld
4265,Sturm
4266,Mittelfeld
4267,Torwart
4268,Mittelfeld
4269,Mittelfeld
4270,Mittelfeld
4271,Torwart
4272,Verteidigung
4273,Mittelfeld
4274,Sturm
4275,Torwart
4276,Verteidigung
4277,Verteidigung
4278,Mittelfeld
4279,Mittelfeld
4280,Sturm
4281,Sturm
4282,Sturm
4283,Sturm
4284,Sturm
4285,Sturm
4286,Sturm
4287,Sturm
4288,Mittelfeld
4289,Verteidigung
4290,Torwart
4291,Verteidigung
4292,Verteidigung
4293,Mittelfeld
4294,Verteidigung
4295,Sturm
4296,Torwart
4297,Verteidigung
4298,Mittelfeld
4299,Torwart
4300,Mittelfeld
4301,Sturm
4302,Verteidigung
4303,Mittelfeld
4304,Sturm
4305,Sturm
4306,Sturm
4307,Verteidigung
4308,Sturm
4309,Verteidigung
4310,Mittelfeld
4311,Mittelfeld
4312,Torwart
4313,Sturm
4314,Sturm
4315,Torwart
4316,Verteidigung
4317,Sturm
4318,Verteidigung
4319,Sturm
4320,Sturm
4321,Verteidigung
4322,Sturm
4323,Mittelfeld
4324,Sturm
4325,Sturm
4326,Sturm
4327,Verteidigung
4328,Verteidigung
4329,Verteidigung
4330,Sturm
4331,Verteidigung
4332,Torwart
4333,Verteidigung
4334,Sturm
4335,Sturm
4336,Verteidigung
4337,Verteidigung
4338,Sturm
4339,Sturm
4340,Verteidigung
4341,Sturm
4342,Verteidigung
4343,Verteidigung
4344,Mittelfeld
4345,Mittelfeld
4346,Verteidigung
4347,Torwart
4348,Verteidigung
4349,Mittelfeld
4350,Torwart
4351,Sturm
4352,Sturm
4353,Sturm
4354,Sturm
4355,Sturm
4356,Sturm
4357,Sturm
4358,Verteidigung
4359,Sturm
4360,Verteidigung
4361,Torwart
4362,Torwart
4363,Mittelfeld
4364,Verteidigung
4365,Verteidigung
4366,Mittelfeld
4367,Torwart
4368,Verteidigung
4369,Mittelfeld
4370,Verteidigung
4371,Verteidigung
4372,Mittelfeld
4373,Sturm
4374,Sturm
4375,Verteidigung
4376,Mittelfeld
4377,Torwart
4378,Sturm
4379,Torwart
4380,Verteidigung
4381,Mittelfeld
4382,Torwart
4383,Verteidigung
4384,Verteidigung
4385,Torwart
4386,Verteidigung
4387,Sturm
4388,Sturm
4389,Verteidigung
4390,Sturm
4391,Sturm
4392,Sturm
4393,Sturm
4394,Verteidigung
4395,Sturm
4396,Verteidigung
4397,Sturm
4398,Torwart
4399,Torwart
4400,Mittelfeld
4401,Sturm
4402,Sturm
4403,Torwart
4404,Sturm
4405,Torwart
4406,Torwart
4407,Verteidigung
4408,Sturm
4409,Verteidigung
4410,Sturm
4411,Mittelfeld
4412,Torwart
4413,Torwart
4414,Torwart
4415,Verteidigung
4416,Verteidigung
4417,Torwart
4418,Mittelfeld
4419,Mittelfeld
4420,Torwart
4421,Torwart
4422,Verteidigung
4423,Mittelfeld
4424,Sturm
4425,Sturm
4426,Sturm
4427,Sturm
4428,Torwart
4429,Sturm
4430,Verteidigung
4431,Mittelfeld
4432,Sturm
4433,Sturm
4434,Torwart
4435,Verteidigung
4436,Sturm
4437,Torwart
4438,Sturm
4439,Mittelfeld
4440,Torwart
4441,Torwart
4442,Torwart
4443,Mittelfeld
4444,Mittelfeld
4445,Verteidigung
4446,Verteidigung
4447,Mittelfeld
4448,Sturm
4449,Torwart
4450,Torwart
4451,Verteidigung
4452,Sturm
4453,Torwart
4454,Mittelfeld
4455,Torwart
4456,Sturm
4457,Torwart
4458,Sturm
4459,Verteidigung
4460,Torwart
4461,Torwart
4462,Torwart
4463,Verteidigung
4464,Torwart
4465,Verteidigung
4466,Verteidigung
4467,Mittelfeld
4468,Torwart
4469,Torwart
4470,Mittelfeld
